# Time,Mouse_x,Mouse_y,Mouse_x_dist,Mouse_y_dist,Target_x,Target_y
1.166900000000000000e+04,8.402007563196373212e+02,5.242613639262376637e+02,8.402007563196373212e+02,5.242613639262376637e+02,7.730000000000000000e+02,9.730000000000000000e+02
1.167400000000000000e+04,8.402007563196373212e+02,5.242613639262376637e+02,8.402007563196373212e+02,5.242613639262376637e+02,7.730000000000000000e+02,9.730000000000000000e+02
1.167800000000000000e+04,8.402007563196373212e+02,5.242613639262376637e+02,8.402007563196373212e+02,5.242613639262376637e+02,7.730000000000000000e+02,9.730000000000000000e+02
1.168300000000000000e+04,8.402007563196373212e+02,5.242613639262376637e+02,8.402007563196373212e+02,5.242613639262376637e+02,7.730000000000000000e+02,9.730000000000000000e+02
1.168800000000000000e+04,8.402007563196373212e+02,5.242613639262376637e+02,8.402007563196373212e+02,5.242613639262376637e+02,7.730000000000000000e+02,9.730000000000000000e+02
1.169300000000000000e+04,8.402007563196373212e+02,5.242613639262376637e+02,8.402007563196373212e+02,5.242613639262376637e+02,7.730000000000000000e+02,9.730000000000000000e+02
1.169900000000000000e+04,8.402007563196373212e+02,5.242613639262376637e+02,8.402007563196373212e+02,5.242613639262376637e+02,7.730000000000000000e+02,9.730000000000000000e+02
1.170400000000000000e+04,8.402007563196373212e+02,5.242613639262376637e+02,8.402007563196373212e+02,5.242613639262376637e+02,7.730000000000000000e+02,9.730000000000000000e+02
1.170900000000000000e+04,8.402007563196373212e+02,5.242613639262376637e+02,8.402007563196373212e+02,5.242613639262376637e+02,7.730000000000000000e+02,9.730000000000000000e+02
1.171400000000000000e+04,8.402007563196373212e+02,5.242613639262376637e+02,8.402007563196373212e+02,5.242613639262376637e+02,7.730000000000000000e+02,9.730000000000000000e+02
1.171900000000000000e+04,8.402007563196373212e+02,5.242613639262376637e+02,8.402007563196373212e+02,5.242613639262376637e+02,7.730000000000000000e+02,9.730000000000000000e+02
1.172500000000000000e+04,8.402007563196373212e+02,5.242613639262376637e+02,8.402007563196373212e+02,5.242613639262376637e+02,7.730000000000000000e+02,9.730000000000000000e+02
1.172900000000000000e+04,8.402007563196373212e+02,5.242613639262376637e+02,8.402007563196373212e+02,5.242613639262376637e+02,7.730000000000000000e+02,9.730000000000000000e+02
1.173400000000000000e+04,8.402007563196373212e+02,5.242613639262376637e+02,8.402007563196373212e+02,5.242613639262376637e+02,7.730000000000000000e+02,9.730000000000000000e+02
1.174000000000000000e+04,8.402007563196373212e+02,5.242613639262376637e+02,8.402007563196373212e+02,5.242613639262376637e+02,7.730000000000000000e+02,9.730000000000000000e+02
1.174400000000000000e+04,8.402007563196373212e+02,5.242613639262376637e+02,8.402007563196373212e+02,5.242613639262376637e+02,7.730000000000000000e+02,9.730000000000000000e+02
1.174900000000000000e+04,8.402007563196373212e+02,5.242613639262376637e+02,8.402007563196373212e+02,5.242613639262376637e+02,7.730000000000000000e+02,9.730000000000000000e+02
1.175400000000000000e+04,8.402007563196373212e+02,5.242613639262376637e+02,8.402007563196373212e+02,5.242613639262376637e+02,7.730000000000000000e+02,9.730000000000000000e+02
1.176000000000000000e+04,8.402007563196373212e+02,5.242613639262376637e+02,8.402007563196373212e+02,5.242613639262376637e+02,7.730000000000000000e+02,9.730000000000000000e+02
1.176500000000000000e+04,8.402007563196373212e+02,5.242613639262376637e+02,8.402007563196373212e+02,5.242613639262376637e+02,7.730000000000000000e+02,9.730000000000000000e+02
1.176900000000000000e+04,8.402007563196373212e+02,5.242613639262376637e+02,8.402007563196373212e+02,5.242613639262376637e+02,7.730000000000000000e+02,9.730000000000000000e+02
1.177400000000000000e+04,8.402007563196373212e+02,5.242613639262376637e+02,8.402007563196373212e+02,5.242613639262376637e+02,7.730000000000000000e+02,9.730000000000000000e+02
1.177900000000000000e+04,8.402007563196373212e+02,5.242613639262376637e+02,8.402007563196373212e+02,5.242613639262376637e+02,7.730000000000000000e+02,9.730000000000000000e+02
1.178400000000000000e+04,8.402007563196373212e+02,5.242613639262376637e+02,8.402007563196373212e+02,5.242613639262376637e+02,7.730000000000000000e+02,9.730000000000000000e+02
1.178900000000000000e+04,8.402007563196373212e+02,5.242613639262376637e+02,8.402007563196373212e+02,5.242613639262376637e+02,7.730000000000000000e+02,9.730000000000000000e+02
1.179400000000000000e+04,8.402007563196373212e+02,5.242613639262376637e+02,8.402007563196373212e+02,5.242613639262376637e+02,7.730000000000000000e+02,9.730000000000000000e+02
1.180000000000000000e+04,8.402007563196373212e+02,5.242613639262376637e+02,8.402007563196373212e+02,5.242613639262376637e+02,7.730000000000000000e+02,9.730000000000000000e+02
1.180400000000000000e+04,8.402007563196373212e+02,5.242613639262376637e+02,8.402007563196373212e+02,5.242613639262376637e+02,7.730000000000000000e+02,9.730000000000000000e+02
1.181000000000000000e+04,8.402007563196373212e+02,5.242613639262376637e+02,8.402007563196373212e+02,5.242613639262376637e+02,7.730000000000000000e+02,9.730000000000000000e+02
1.181500000000000000e+04,8.402007563196373212e+02,5.242613639262376637e+02,8.402007563196373212e+02,5.242613639262376637e+02,7.730000000000000000e+02,9.730000000000000000e+02
1.182000000000000000e+04,8.402007563196373212e+02,5.242613639262376637e+02,8.402007563196373212e+02,5.242613639262376637e+02,7.730000000000000000e+02,9.730000000000000000e+02
1.182500000000000000e+04,8.402007563196373212e+02,5.242613639262376637e+02,8.402007563196373212e+02,5.242613639262376637e+02,7.730000000000000000e+02,9.730000000000000000e+02
1.183000000000000000e+04,8.402007563196373212e+02,5.242613639262376637e+02,8.402007563196373212e+02,5.242613639262376637e+02,7.730000000000000000e+02,9.730000000000000000e+02
1.183600000000000000e+04,8.402007563196373212e+02,5.242613639262376637e+02,8.402007563196373212e+02,5.242613639262376637e+02,7.730000000000000000e+02,9.730000000000000000e+02
1.184000000000000000e+04,8.402007563196373212e+02,5.242613639262376637e+02,8.402007563196373212e+02,5.242613639262376637e+02,7.730000000000000000e+02,9.730000000000000000e+02
1.184500000000000000e+04,8.402007563196373212e+02,5.242613639262376637e+02,8.402007563196373212e+02,5.242613639262376637e+02,7.730000000000000000e+02,9.730000000000000000e+02
1.185000000000000000e+04,8.402007563196373212e+02,5.242613639262376637e+02,8.402007563196373212e+02,5.242613639262376637e+02,7.730000000000000000e+02,9.730000000000000000e+02
1.185600000000000000e+04,8.402007563196373212e+02,5.242613639262376637e+02,8.402007563196373212e+02,5.242613639262376637e+02,7.730000000000000000e+02,9.730000000000000000e+02
1.186100000000000000e+04,8.402007563196373212e+02,5.242613639262376637e+02,8.402007563196373212e+02,5.242613639262376637e+02,7.730000000000000000e+02,9.730000000000000000e+02
1.186700000000000000e+04,8.402007563196373212e+02,5.242613639262376637e+02,8.402007563196373212e+02,5.242613639262376637e+02,7.730000000000000000e+02,9.730000000000000000e+02
1.187300000000000000e+04,8.402007563196373212e+02,5.242613639262376637e+02,8.402007563196373212e+02,5.242613639262376637e+02,7.730000000000000000e+02,9.730000000000000000e+02
1.187900000000000000e+04,8.402007563196373212e+02,5.242613639262376637e+02,8.402007563196373212e+02,5.242613639262376637e+02,7.730000000000000000e+02,9.730000000000000000e+02
1.188300000000000000e+04,8.402007563196373212e+02,5.242613639262376637e+02,8.402007563196373212e+02,5.242613639262376637e+02,7.730000000000000000e+02,9.730000000000000000e+02
1.188900000000000000e+04,8.402007563196373212e+02,5.242613639262376637e+02,8.402007563196373212e+02,5.242613639262376637e+02,7.730000000000000000e+02,9.730000000000000000e+02
1.189300000000000000e+04,8.402007563196373212e+02,5.242613639262376637e+02,8.402007563196373212e+02,5.242613639262376637e+02,7.730000000000000000e+02,9.730000000000000000e+02
1.189800000000000000e+04,8.402007563196373212e+02,5.242613639262376637e+02,8.402007563196373212e+02,5.242613639262376637e+02,7.730000000000000000e+02,9.730000000000000000e+02
1.190300000000000000e+04,8.402007563196373212e+02,5.242613639262376637e+02,8.402007563196373212e+02,5.242613639262376637e+02,7.730000000000000000e+02,9.730000000000000000e+02
1.190900000000000000e+04,8.402007563196373212e+02,5.242613639262376637e+02,8.402007563196373212e+02,5.242613639262376637e+02,7.730000000000000000e+02,9.730000000000000000e+02
1.191400000000000000e+04,8.402007563196373212e+02,5.242613639262376637e+02,8.402007563196373212e+02,5.242613639262376637e+02,7.730000000000000000e+02,9.730000000000000000e+02
1.191900000000000000e+04,8.402007563196373212e+02,5.242613639262376637e+02,8.402007563196373212e+02,5.242613639262376637e+02,7.730000000000000000e+02,9.730000000000000000e+02
1.192400000000000000e+04,8.402007563196373212e+02,5.242613639262376637e+02,8.402007563196373212e+02,5.242613639262376637e+02,7.730000000000000000e+02,9.730000000000000000e+02
1.193000000000000000e+04,8.402007563196373212e+02,5.242613639262376637e+02,8.402007563196373212e+02,5.242613639262376637e+02,7.730000000000000000e+02,9.730000000000000000e+02
1.193500000000000000e+04,8.402007563196373212e+02,5.242613639262376637e+02,8.402007563196373212e+02,5.242613639262376637e+02,7.730000000000000000e+02,9.730000000000000000e+02
1.194000000000000000e+04,8.402007563196373212e+02,5.242613639262376637e+02,8.402007563196373212e+02,5.242613639262376637e+02,7.730000000000000000e+02,9.730000000000000000e+02
1.194600000000000000e+04,8.402007563196373212e+02,5.242613639262376637e+02,8.402007563196373212e+02,5.242613639262376637e+02,7.730000000000000000e+02,9.730000000000000000e+02
1.195200000000000000e+04,8.402007563196373212e+02,5.242613639262376637e+02,8.402007563196373212e+02,5.242613639262376637e+02,7.730000000000000000e+02,9.730000000000000000e+02
1.195700000000000000e+04,8.402007563196373212e+02,5.242613639262376637e+02,8.402007563196373212e+02,5.242613639262376637e+02,7.730000000000000000e+02,9.730000000000000000e+02
1.196200000000000000e+04,8.402007563196373212e+02,5.242613639262376637e+02,8.402007563196373212e+02,5.242613639262376637e+02,7.730000000000000000e+02,9.730000000000000000e+02
1.196600000000000000e+04,8.402007563196373212e+02,5.242613639262376637e+02,8.402007563196373212e+02,5.242613639262376637e+02,7.730000000000000000e+02,9.730000000000000000e+02
1.197100000000000000e+04,8.402007563196373212e+02,5.242613639262376637e+02,8.402007563196373212e+02,5.242613639262376637e+02,7.730000000000000000e+02,9.730000000000000000e+02
1.197700000000000000e+04,8.402007563196373212e+02,5.242613639262376637e+02,8.402007563196373212e+02,5.242613639262376637e+02,7.730000000000000000e+02,9.730000000000000000e+02
1.198100000000000000e+04,8.402007563196373212e+02,5.242613639262376637e+02,8.402007563196373212e+02,5.242613639262376637e+02,7.730000000000000000e+02,9.730000000000000000e+02
1.198600000000000000e+04,8.402007563196373212e+02,5.242613639262376637e+02,8.402007563196373212e+02,5.242613639262376637e+02,7.730000000000000000e+02,9.730000000000000000e+02
1.199200000000000000e+04,8.402007563196373212e+02,5.242613639262376637e+02,8.402007563196373212e+02,5.242613639262376637e+02,7.730000000000000000e+02,9.730000000000000000e+02
1.199600000000000000e+04,8.402007563196373212e+02,5.242613639262376637e+02,8.402007563196373212e+02,5.242613639262376637e+02,7.730000000000000000e+02,9.730000000000000000e+02
1.200000000000000000e+04,8.402007563196373212e+02,5.242613639262376637e+02,8.402007563196373212e+02,5.242613639262376637e+02,7.730000000000000000e+02,9.730000000000000000e+02
1.200500000000000000e+04,8.402007563196373212e+02,5.242613639262376637e+02,8.402007563196373212e+02,5.242613639262376637e+02,7.730000000000000000e+02,9.730000000000000000e+02
1.201100000000000000e+04,8.423220766631969809e+02,5.249684707074241032e+02,8.423220766631969809e+02,5.249684707074241032e+02,7.730000000000000000e+02,9.730000000000000000e+02
1.201500000000000000e+04,8.451505037879433075e+02,5.235542571450511105e+02,8.451505037879433075e+02,5.235542571450511105e+02,7.730000000000000000e+02,9.730000000000000000e+02
1.202100000000000000e+04,8.451505037879433075e+02,5.235542571450511105e+02,8.451505037879433075e+02,5.235542571450511105e+02,7.730000000000000000e+02,9.730000000000000000e+02
1.202500000000000000e+04,8.501002512562490665e+02,5.214329368014913371e+02,8.501002512562490665e+02,5.214329368014913371e+02,7.730000000000000000e+02,9.730000000000000000e+02
1.203000000000000000e+04,8.543428919433682722e+02,5.200187232391183443e+02,8.543428919433682722e+02,5.200187232391183443e+02,7.730000000000000000e+02,9.730000000000000000e+02
1.203500000000000000e+04,8.543428919433682722e+02,5.200187232391183443e+02,8.543428919433682722e+02,5.200187232391183443e+02,7.730000000000000000e+02,9.730000000000000000e+02
1.204000000000000000e+04,8.571713190681144852e+02,5.186045096767452378e+02,8.571713190681144852e+02,5.186045096767452378e+02,7.730000000000000000e+02,9.730000000000000000e+02
1.204500000000000000e+04,8.621210665364202441e+02,5.150689757708121306e+02,8.621210665364202441e+02,5.150689757708121306e+02,7.730000000000000000e+02,9.730000000000000000e+02
1.205000000000000000e+04,8.621210665364202441e+02,5.150689757708121306e+02,8.621210665364202441e+02,5.150689757708121306e+02,7.730000000000000000e+02,9.730000000000000000e+02
1.205500000000000000e+04,8.649494936611664571e+02,5.122405486460659176e+02,8.649494936611664571e+02,5.122405486460659176e+02,7.730000000000000000e+02,9.730000000000000000e+02
1.206100000000000000e+04,8.649494936611664571e+02,5.122405486460659176e+02,8.649494936611664571e+02,5.122405486460659176e+02,7.730000000000000000e+02,9.730000000000000000e+02
1.206500000000000000e+04,8.706063479106587693e+02,5.094121215213199321e+02,8.706063479106587693e+02,5.094121215213199321e+02,7.730000000000000000e+02,9.730000000000000000e+02
1.207100000000000000e+04,8.748489885977783160e+02,5.079979079589469393e+02,8.748489885977783160e+02,5.079979079589469393e+02,7.730000000000000000e+02,9.730000000000000000e+02
1.207500000000000000e+04,8.748489885977783160e+02,5.079979079589469393e+02,8.748489885977783160e+02,5.079979079589469393e+02,7.730000000000000000e+02,9.730000000000000000e+02
1.208000000000000000e+04,8.783845225037108548e+02,5.058765876153872227e+02,8.783845225037108548e+02,5.058765876153872227e+02,7.730000000000000000e+02,9.730000000000000000e+02
1.208600000000000000e+04,8.783845225037108548e+02,5.058765876153872227e+02,8.783845225037108548e+02,5.058765876153872227e+02,7.730000000000000000e+02,9.730000000000000000e+02
1.209200000000000000e+04,8.819200564096438484e+02,5.037552672718276199e+02,8.819200564096438484e+02,5.037552672718276199e+02,7.730000000000000000e+02,9.730000000000000000e+02
1.209700000000000000e+04,8.854555903155762735e+02,5.030481604906408961e+02,8.854555903155762735e+02,5.030481604906408961e+02,7.730000000000000000e+02,9.730000000000000000e+02
1.210200000000000000e+04,8.854555903155762735e+02,5.030481604906408961e+02,8.854555903155762735e+02,5.030481604906408961e+02,7.730000000000000000e+02,9.730000000000000000e+02
1.210700000000000000e+04,8.896982310026955929e+02,5.002197333658948537e+02,8.896982310026955929e+02,5.002197333658948537e+02,7.730000000000000000e+02,9.730000000000000000e+02
1.211200000000000000e+04,8.946479784710014656e+02,4.980984130223351372e+02,8.946479784710014656e+02,4.980984130223351372e+02,7.730000000000000000e+02,9.730000000000000000e+02
1.211700000000000000e+04,8.946479784710014656e+02,4.980984130223351372e+02,8.946479784710014656e+02,4.980984130223351372e+02,7.730000000000000000e+02,9.730000000000000000e+02
1.212300000000000000e+04,8.988906191581207850e+02,4.952699858975890947e+02,8.988906191581207850e+02,4.952699858975890947e+02,7.730000000000000000e+02,9.730000000000000000e+02
1.212700000000000000e+04,9.031332598452399907e+02,4.938557723352159883e+02,9.031332598452399907e+02,4.938557723352159883e+02,7.730000000000000000e+02,9.730000000000000000e+02
1.213200000000000000e+04,9.031332598452399907e+02,4.938557723352159883e+02,9.031332598452399907e+02,4.938557723352159883e+02,7.730000000000000000e+02,9.730000000000000000e+02
1.213800000000000000e+04,9.087901140947324166e+02,4.910273452104697753e+02,9.087901140947324166e+02,4.910273452104697753e+02,7.730000000000000000e+02,9.730000000000000000e+02
1.214200000000000000e+04,9.087901140947324166e+02,4.910273452104697753e+02,9.087901140947324166e+02,4.910273452104697753e+02,7.730000000000000000e+02,9.730000000000000000e+02
1.214800000000000000e+04,9.144469683442248424e+02,4.867847045233505128e+02,9.144469683442248424e+02,4.867847045233505128e+02,7.730000000000000000e+02,9.730000000000000000e+02
1.215200000000000000e+04,9.222251429372768143e+02,4.846633841797910236e+02,9.222251429372768143e+02,4.846633841797910236e+02,7.730000000000000000e+02,9.730000000000000000e+02
1.215700000000000000e+04,9.222251429372768143e+02,4.846633841797910236e+02,9.222251429372768143e+02,4.846633841797910236e+02,7.730000000000000000e+02,9.730000000000000000e+02
1.216200000000000000e+04,9.314175310927021201e+02,4.782994231491120445e+02,9.314175310927021201e+02,4.782994231491120445e+02,7.730000000000000000e+02,9.730000000000000000e+02
1.216700000000000000e+04,9.406099192481269711e+02,4.733496756808060582e+02,9.406099192481269711e+02,4.733496756808060582e+02,7.730000000000000000e+02,9.730000000000000000e+02
1.217200000000000000e+04,9.406099192481269711e+02,4.733496756808060582e+02,9.406099192481269711e+02,4.733496756808060582e+02,7.730000000000000000e+02,9.730000000000000000e+02
1.217700000000000000e+04,9.498023074035522768e+02,4.712283553372467395e+02,9.498023074035522768e+02,4.712283553372467395e+02,7.730000000000000000e+02,9.730000000000000000e+02
1.218300000000000000e+04,9.568733752154175818e+02,4.655715010877539726e+02,9.568733752154175818e+02,4.655715010877539726e+02,7.730000000000000000e+02,9.730000000000000000e+02
1.218800000000000000e+04,9.568733752154175818e+02,4.655715010877539726e+02,9.568733752154175818e+02,4.655715010877539726e+02,7.730000000000000000e+02,9.730000000000000000e+02
1.219300000000000000e+04,9.625302294649102350e+02,4.627430739630079302e+02,9.625302294649102350e+02,4.627430739630079302e+02,7.730000000000000000e+02,9.730000000000000000e+02
1.219800000000000000e+04,9.625302294649102350e+02,4.627430739630079302e+02,9.625302294649102350e+02,4.627430739630079302e+02,7.730000000000000000e+02,9.730000000000000000e+02
1.220300000000000000e+04,9.674799769332162214e+02,4.592075400570754482e+02,9.674799769332162214e+02,4.592075400570754482e+02,7.730000000000000000e+02,9.730000000000000000e+02
1.220800000000000000e+04,9.738439379638948594e+02,4.570862197135155043e+02,9.738439379638948594e+02,4.570862197135155043e+02,7.730000000000000000e+02,9.730000000000000000e+02
1.221400000000000000e+04,9.738439379638948594e+02,4.570862197135155043e+02,9.738439379638948594e+02,4.570862197135155043e+02,7.730000000000000000e+02,9.730000000000000000e+02
1.221800000000000000e+04,9.766723650886408450e+02,4.556720061511421136e+02,9.766723650886408450e+02,4.556720061511421136e+02,7.730000000000000000e+02,9.730000000000000000e+02
1.222300000000000000e+04,9.809150057757603918e+02,4.528435790263963554e+02,9.809150057757603918e+02,4.528435790263963554e+02,7.730000000000000000e+02,9.730000000000000000e+02
1.222800000000000000e+04,9.809150057757603918e+02,4.528435790263963554e+02,9.809150057757603918e+02,4.528435790263963554e+02,7.730000000000000000e+02,9.730000000000000000e+02
1.223400000000000000e+04,9.879860735876256967e+02,4.486009383392769791e+02,9.879860735876256967e+02,4.486009383392769791e+02,7.730000000000000000e+02,9.730000000000000000e+02
1.223800000000000000e+04,9.879860735876256967e+02,4.486009383392769791e+02,9.879860735876256967e+02,4.486009383392769791e+02,7.730000000000000000e+02,9.730000000000000000e+02
1.224400000000000000e+04,9.936429278371181226e+02,4.457725112145307094e+02,9.936429278371181226e+02,4.457725112145307094e+02,7.730000000000000000e+02,9.730000000000000000e+02
1.224800000000000000e+04,9.985926753054241090e+02,4.436511908709707654e+02,9.985926753054241090e+02,4.436511908709707654e+02,7.730000000000000000e+02,9.730000000000000000e+02
1.225300000000000000e+04,9.985926753054241090e+02,4.436511908709707654e+02,9.985926753054241090e+02,4.436511908709707654e+02,7.730000000000000000e+02,9.730000000000000000e+02
1.225800000000000000e+04,1.002835315992543201e+03,4.408227637462251778e+02,1.002835315992543201e+03,4.408227637462251778e+02,7.730000000000000000e+02,9.730000000000000000e+02
1.226400000000000000e+04,1.007785063460849187e+03,4.358730162779194757e+02,1.007785063460849187e+03,4.358730162779194757e+02,7.730000000000000000e+02,9.730000000000000000e+02
1.226900000000000000e+04,1.007785063460849187e+03,4.358730162779194757e+02,1.007785063460849187e+03,4.358730162779194757e+02,7.730000000000000000e+02,9.730000000000000000e+02
1.227400000000000000e+04,1.011320597366782067e+03,4.351659094967328087e+02,1.011320597366782067e+03,4.351659094967328087e+02,7.730000000000000000e+02,9.730000000000000000e+02
1.227900000000000000e+04,1.019805878741020251e+03,4.309232688096131483e+02,1.019805878741020251e+03,4.309232688096131483e+02,7.730000000000000000e+02,9.730000000000000000e+02
1.228400000000000000e+04,1.019805878741020251e+03,4.309232688096131483e+02,1.019805878741020251e+03,4.309232688096131483e+02,7.730000000000000000e+02,9.730000000000000000e+02
1.229000000000000000e+04,1.024755626209326238e+03,4.288019484660532612e+02,1.024755626209326238e+03,4.288019484660532612e+02,7.730000000000000000e+02,9.730000000000000000e+02
1.229400000000000000e+04,1.024755626209326238e+03,4.288019484660532612e+02,1.024755626209326238e+03,4.288019484660532612e+02,7.730000000000000000e+02,9.730000000000000000e+02
1.229900000000000000e+04,1.028291160115258890e+03,4.252664145601208361e+02,1.028291160115258890e+03,4.252664145601208361e+02,7.730000000000000000e+02,9.730000000000000000e+02
1.230400000000000000e+04,1.034655121145937983e+03,4.217308806541885815e+02,1.034655121145937983e+03,4.217308806541885815e+02,7.730000000000000000e+02,9.730000000000000000e+02
1.231000000000000000e+04,1.034655121145937983e+03,4.217308806541885815e+02,1.034655121145937983e+03,4.217308806541885815e+02,7.730000000000000000e+02,9.730000000000000000e+02
1.231500000000000000e+04,1.038190655051870635e+03,4.181953467482554743e+02,1.038190655051870635e+03,4.181953467482554743e+02,7.730000000000000000e+02,9.730000000000000000e+02
1.232100000000000000e+04,1.040311975395430409e+03,4.174882399670687505e+02,1.040311975395430409e+03,4.174882399670687505e+02,7.730000000000000000e+02,9.730000000000000000e+02
1.232500000000000000e+04,1.040311975395430409e+03,4.174882399670687505e+02,1.040311975395430409e+03,4.174882399670687505e+02,7.730000000000000000e+02,9.730000000000000000e+02
1.233100000000000000e+04,1.042433295738989955e+03,4.153669196235092613e+02,1.042433295738989955e+03,4.153669196235092613e+02,7.730000000000000000e+02,9.730000000000000000e+02
1.233500000000000000e+04,1.045261722863736168e+03,4.125384924987629347e+02,1.045261722863736168e+03,4.125384924987629347e+02,7.730000000000000000e+02,9.730000000000000000e+02
1.234100000000000000e+04,1.045261722863736168e+03,4.125384924987629347e+02,1.045261722863736168e+03,4.125384924987629347e+02,7.730000000000000000e+02,9.730000000000000000e+02
1.234600000000000000e+04,1.047383043207295714e+03,4.104171721552033318e+02,1.047383043207295714e+03,4.104171721552033318e+02,7.730000000000000000e+02,9.730000000000000000e+02
1.235100000000000000e+04,1.047383043207295714e+03,4.104171721552033318e+02,1.047383043207295714e+03,4.104171721552033318e+02,7.730000000000000000e+02,9.730000000000000000e+02
1.235500000000000000e+04,1.049504363550855260e+03,4.097100653740164944e+02,1.049504363550855260e+03,4.097100653740164944e+02,7.730000000000000000e+02,9.730000000000000000e+02
1.236000000000000000e+04,1.051625683894415033e+03,4.075887450304570621e+02,1.051625683894415033e+03,4.075887450304570621e+02,7.730000000000000000e+02,9.730000000000000000e+02
1.236600000000000000e+04,1.051625683894415033e+03,4.075887450304570621e+02,1.051625683894415033e+03,4.075887450304570621e+02,7.730000000000000000e+02,9.730000000000000000e+02
1.237100000000000000e+04,1.053747004237974807e+03,4.054674246868975729e+02,1.053747004237974807e+03,4.054674246868975729e+02,7.730000000000000000e+02,9.730000000000000000e+02
1.237600000000000000e+04,1.055868324581534580e+03,4.047603179057109628e+02,1.055868324581534580e+03,4.047603179057109628e+02,7.730000000000000000e+02,9.730000000000000000e+02
1.238000000000000000e+04,1.055868324581534580e+03,4.047603179057109628e+02,1.055868324581534580e+03,4.047603179057109628e+02,7.730000000000000000e+02,9.730000000000000000e+02
1.238600000000000000e+04,1.056575431362721019e+03,4.040532111245245801e+02,1.056575431362721019e+03,4.040532111245245801e+02,7.730000000000000000e+02,9.730000000000000000e+02
1.239000000000000000e+04,1.056575431362721019e+03,4.040532111245245801e+02,1.056575431362721019e+03,4.040532111245245801e+02,7.730000000000000000e+02,9.730000000000000000e+02
1.239500000000000000e+04,1.058696751706280565e+03,4.019318907809649772e+02,1.058696751706280565e+03,4.019318907809649772e+02,7.730000000000000000e+02,9.730000000000000000e+02
1.240000000000000000e+04,1.060110965268653672e+03,4.005176772185915866e+02,1.060110965268653672e+03,4.005176772185915866e+02,7.730000000000000000e+02,9.730000000000000000e+02
1.240500000000000000e+04,1.060110965268653672e+03,4.005176772185915866e+02,1.060110965268653672e+03,4.005176772185915866e+02,7.730000000000000000e+02,9.730000000000000000e+02
1.241000000000000000e+04,1.062232285612213218e+03,3.983963568750320405e+02,1.062232285612213218e+03,3.983963568750320405e+02,7.730000000000000000e+02,9.730000000000000000e+02
1.241600000000000000e+04,1.062939392393399658e+03,3.976892500938454873e+02,1.062939392393399658e+03,3.976892500938454873e+02,7.730000000000000000e+02,9.730000000000000000e+02
1.242000000000000000e+04,1.062939392393399658e+03,3.976892500938454873e+02,1.062939392393399658e+03,3.976892500938454873e+02,7.730000000000000000e+02,9.730000000000000000e+02
1.242500000000000000e+04,1.065767819518146098e+03,3.948608229690995017e+02,1.065767819518146098e+03,3.948608229690995017e+02,7.730000000000000000e+02,9.730000000000000000e+02
1.243000000000000000e+04,1.065767819518146098e+03,3.948608229690995017e+02,1.065767819518146098e+03,3.948608229690995017e+02,7.730000000000000000e+02,9.730000000000000000e+02
1.243600000000000000e+04,1.067182033080519204e+03,3.934466094067262247e+02,1.067182033080519204e+03,3.934466094067262247e+02,7.730000000000000000e+02,9.730000000000000000e+02
1.244000000000000000e+04,1.070717566986451857e+03,3.899110755007936859e+02,1.070717566986451857e+03,3.899110755007936859e+02,7.730000000000000000e+02,9.730000000000000000e+02
1.244500000000000000e+04,1.070717566986451857e+03,3.899110755007936859e+02,1.070717566986451857e+03,3.899110755007936859e+02,7.730000000000000000e+02,9.730000000000000000e+02
1.245000000000000000e+04,1.074960207673571176e+03,3.856684348136741391e+02,1.074960207673571176e+03,3.856684348136741391e+02,7.730000000000000000e+02,9.730000000000000000e+02
1.245500000000000000e+04,1.078495741579503829e+03,3.821329009077412593e+02,1.078495741579503829e+03,3.821329009077412593e+02,7.730000000000000000e+02,9.730000000000000000e+02
1.246100000000000000e+04,1.078495741579503829e+03,3.821329009077412593e+02,1.078495741579503829e+03,3.821329009077412593e+02,7.730000000000000000e+02,9.730000000000000000e+02
1.246500000000000000e+04,1.082031275485436481e+03,3.785973670018087205e+02,1.082031275485436481e+03,3.785973670018087205e+02,7.730000000000000000e+02,9.730000000000000000e+02
1.247000000000000000e+04,1.082031275485436481e+03,3.785973670018087205e+02,1.082031275485436481e+03,3.785973670018087205e+02,7.730000000000000000e+02,9.730000000000000000e+02
1.247500000000000000e+04,1.085566809391369361e+03,3.793044737829953874e+02,1.085566809391369361e+03,3.793044737829953874e+02,7.730000000000000000e+02,9.730000000000000000e+02
1.248000000000000000e+04,1.089809450078488680e+03,3.750618330958761817e+02,1.089809450078488680e+03,3.750618330958761817e+02,7.730000000000000000e+02,9.730000000000000000e+02
1.248500000000000000e+04,1.089809450078488680e+03,3.750618330958761817e+02,1.089809450078488680e+03,3.750618330958761817e+02,7.730000000000000000e+02,9.730000000000000000e+02
1.249000000000000000e+04,1.092637877203234666e+03,3.722334059711295140e+02,1.092637877203234666e+03,3.722334059711295140e+02,7.730000000000000000e+02,9.730000000000000000e+02
1.249500000000000000e+04,1.094052090765607772e+03,3.708191924087569191e+02,1.094052090765607772e+03,3.708191924087569191e+02,7.730000000000000000e+02,9.730000000000000000e+02
1.250000000000000000e+04,1.094052090765607772e+03,3.708191924087569191e+02,1.094052090765607772e+03,3.708191924087569191e+02,7.730000000000000000e+02,9.730000000000000000e+02
1.250500000000000000e+04,1.096880517890353985e+03,3.679907652840104220e+02,1.096880517890353985e+03,3.679907652840104220e+02,7.730000000000000000e+02,9.730000000000000000e+02
1.251000000000000000e+04,1.096880517890353985e+03,3.679907652840104220e+02,1.096880517890353985e+03,3.679907652840104220e+02,7.730000000000000000e+02,9.730000000000000000e+02
1.251600000000000000e+04,1.100416051796286865e+03,3.644552313780778832e+02,1.100416051796286865e+03,3.644552313780778832e+02,7.730000000000000000e+02,9.730000000000000000e+02
1.252000000000000000e+04,1.101830265358659972e+03,3.630410178157045493e+02,1.101830265358659972e+03,3.630410178157045493e+02,7.730000000000000000e+02,9.730000000000000000e+02
1.252500000000000000e+04,1.101830265358659972e+03,3.630410178157045493e+02,1.101830265358659972e+03,3.630410178157045493e+02,7.730000000000000000e+02,9.730000000000000000e+02
1.253000000000000000e+04,1.105365799264592852e+03,3.595054839097720674e+02,1.105365799264592852e+03,3.595054839097720674e+02,7.730000000000000000e+02,9.730000000000000000e+02
1.253500000000000000e+04,1.106780012826965731e+03,3.580912703473988472e+02,1.106780012826965731e+03,3.580912703473988472e+02,7.730000000000000000e+02,9.730000000000000000e+02
1.254000000000000000e+04,1.106780012826965731e+03,3.580912703473988472e+02,1.106780012826965731e+03,3.580912703473988472e+02,7.730000000000000000e+02,9.730000000000000000e+02
1.254500000000000000e+04,1.111022653514085277e+03,3.538486296602794710e+02,1.111022653514085277e+03,3.538486296602794710e+02,7.730000000000000000e+02,9.730000000000000000e+02
1.255000000000000000e+04,1.111022653514085277e+03,3.538486296602794710e+02,1.111022653514085277e+03,3.538486296602794710e+02,7.730000000000000000e+02,9.730000000000000000e+02
1.255600000000000000e+04,1.114558187420017703e+03,3.503130957543468185e+02,1.114558187420017703e+03,3.503130957543468185e+02,7.730000000000000000e+02,9.730000000000000000e+02
1.256100000000000000e+04,1.120215041669510356e+03,3.446562415048545631e+02,1.120215041669510356e+03,3.446562415048545631e+02,7.730000000000000000e+02,9.730000000000000000e+02
1.256700000000000000e+04,1.127993216262562100e+03,3.368780669118021933e+02,1.127993216262562100e+03,3.368780669118021933e+02,7.730000000000000000e+02,9.730000000000000000e+02
1.257200000000000000e+04,1.127993216262562100e+03,3.368780669118021933e+02,1.127993216262562100e+03,3.368780669118021933e+02,7.730000000000000000e+02,9.730000000000000000e+02
1.257700000000000000e+04,1.135064284074427633e+03,3.298069990999371157e+02,1.135064284074427633e+03,3.298069990999371157e+02,7.730000000000000000e+02,9.730000000000000000e+02
1.258200000000000000e+04,1.135064284074427633e+03,3.298069990999371157e+02,1.135064284074427633e+03,3.298069990999371157e+02,7.730000000000000000e+02,9.730000000000000000e+02
1.258700000000000000e+04,1.140014031542733619e+03,3.248572516316312431e+02,1.140014031542733619e+03,3.248572516316312431e+02,7.730000000000000000e+02,9.730000000000000000e+02
1.259200000000000000e+04,1.144963779011039151e+03,3.213217177256980222e+02,1.144963779011039151e+03,3.213217177256980222e+02,7.730000000000000000e+02,9.730000000000000000e+02
1.259800000000000000e+04,1.144963779011039151e+03,3.213217177256980222e+02,1.144963779011039151e+03,3.213217177256980222e+02,7.730000000000000000e+02,9.730000000000000000e+02
1.260300000000000000e+04,1.147085099354599151e+03,3.192003973821387603e+02,1.147085099354599151e+03,3.192003973821387603e+02,7.730000000000000000e+02,9.730000000000000000e+02
1.260700000000000000e+04,1.148499312916972031e+03,3.177861838197655970e+02,1.148499312916972031e+03,3.177861838197655970e+02,7.730000000000000000e+02,9.730000000000000000e+02
1.261200000000000000e+04,1.148499312916972031e+03,3.177861838197655970e+02,1.148499312916972031e+03,3.177861838197655970e+02,7.730000000000000000e+02,9.730000000000000000e+02
1.261700000000000000e+04,1.149206419698158470e+03,3.170790770385790438e+02,1.149206419698158470e+03,3.170790770385790438e+02,7.730000000000000000e+02,9.730000000000000000e+02
1.262200000000000000e+04,1.149206419698158470e+03,3.170790770385790438e+02,1.149206419698158470e+03,3.170790770385790438e+02,7.730000000000000000e+02,9.730000000000000000e+02
1.262700000000000000e+04,1.149206419698158470e+03,3.170790770385790438e+02,1.149206419698158470e+03,3.170790770385790438e+02,7.730000000000000000e+02,9.730000000000000000e+02
1.263300000000000000e+04,1.149913526479345137e+03,3.163719702573926043e+02,1.149913526479345137e+03,3.163719702573926043e+02,7.730000000000000000e+02,9.730000000000000000e+02
1.263900000000000000e+04,1.149913526479345137e+03,3.163719702573926043e+02,1.149913526479345137e+03,3.163719702573926043e+02,7.730000000000000000e+02,9.730000000000000000e+02
1.264400000000000000e+04,1.149913526479345137e+03,3.163719702573926043e+02,1.149913526479345137e+03,3.163719702573926043e+02,7.730000000000000000e+02,9.730000000000000000e+02
1.264800000000000000e+04,1.149913526479345137e+03,3.163719702573926043e+02,1.149913526479345137e+03,3.163719702573926043e+02,7.730000000000000000e+02,9.730000000000000000e+02
1.265300000000000000e+04,1.149913526479345137e+03,3.163719702573926043e+02,1.149913526479345137e+03,3.163719702573926043e+02,7.730000000000000000e+02,9.730000000000000000e+02
1.265900000000000000e+04,1.149913526479345137e+03,3.163719702573926043e+02,1.149913526479345137e+03,3.163719702573926043e+02,7.730000000000000000e+02,9.730000000000000000e+02
1.266300000000000000e+04,1.149913526479345137e+03,3.163719702573926043e+02,1.149913526479345137e+03,3.163719702573926043e+02,7.730000000000000000e+02,9.730000000000000000e+02
1.266800000000000000e+04,1.149913526479345137e+03,3.163719702573926043e+02,1.149913526479345137e+03,3.163719702573926043e+02,7.730000000000000000e+02,9.730000000000000000e+02
1.267300000000000000e+04,1.149913526479345137e+03,3.163719702573926043e+02,1.149913526479345137e+03,3.163719702573926043e+02,7.730000000000000000e+02,9.730000000000000000e+02
1.267800000000000000e+04,1.149913526479345137e+03,3.163719702573926043e+02,1.149913526479345137e+03,3.163719702573926043e+02,7.730000000000000000e+02,9.730000000000000000e+02
1.268400000000000000e+04,1.149913526479345137e+03,3.163719702573926043e+02,1.149913526479345137e+03,3.163719702573926043e+02,7.730000000000000000e+02,9.730000000000000000e+02
1.268900000000000000e+04,1.149913526479345137e+03,3.163719702573926043e+02,1.149913526479345137e+03,3.163719702573926043e+02,7.730000000000000000e+02,9.730000000000000000e+02
1.269400000000000000e+04,1.149913526479345137e+03,3.163719702573926043e+02,1.149913526479345137e+03,3.163719702573926043e+02,7.730000000000000000e+02,9.730000000000000000e+02
1.270000000000000000e+04,1.149913526479345137e+03,3.163719702573926043e+02,1.149913526479345137e+03,3.163719702573926043e+02,7.730000000000000000e+02,9.730000000000000000e+02
1.270600000000000000e+04,1.149913526479345137e+03,3.163719702573926043e+02,1.149913526479345137e+03,3.163719702573926043e+02,7.730000000000000000e+02,9.730000000000000000e+02
1.271000000000000000e+04,1.149913526479345137e+03,3.163719702573926043e+02,1.149913526479345137e+03,3.163719702573926043e+02,7.730000000000000000e+02,9.730000000000000000e+02
1.271600000000000000e+04,1.149913526479345137e+03,3.163719702573926043e+02,1.149913526479345137e+03,3.163719702573926043e+02,7.730000000000000000e+02,9.730000000000000000e+02
1.272000000000000000e+04,1.149913526479345137e+03,3.163719702573926043e+02,1.149913526479345137e+03,3.163719702573926043e+02,7.730000000000000000e+02,9.730000000000000000e+02
1.272600000000000000e+04,1.149913526479345137e+03,3.163719702573926043e+02,1.149913526479345137e+03,3.163719702573926043e+02,7.730000000000000000e+02,9.730000000000000000e+02
1.273100000000000000e+04,1.149913526479345137e+03,3.163719702573926043e+02,1.149913526479345137e+03,3.163719702573926043e+02,7.730000000000000000e+02,9.730000000000000000e+02
1.273600000000000000e+04,1.150620633260531804e+03,3.156648634762060510e+02,1.150620633260531804e+03,3.156648634762060510e+02,7.730000000000000000e+02,9.730000000000000000e+02
1.274100000000000000e+04,1.150620633260531804e+03,3.156648634762060510e+02,1.150620633260531804e+03,3.156648634762060510e+02,7.730000000000000000e+02,9.730000000000000000e+02
1.274600000000000000e+04,1.152034846822904910e+03,3.142506499138329445e+02,1.152034846822904910e+03,3.142506499138329445e+02,7.730000000000000000e+02,9.730000000000000000e+02
1.275000000000000000e+04,1.152034846822904910e+03,3.142506499138329445e+02,1.152034846822904910e+03,3.142506499138329445e+02,7.730000000000000000e+02,9.730000000000000000e+02
1.275600000000000000e+04,1.155570380728837563e+03,3.107151160079002352e+02,1.155570380728837563e+03,3.107151160079002352e+02,7.730000000000000000e+02,9.730000000000000000e+02
1.276100000000000000e+04,1.159813021415956655e+03,3.064724753207808021e+02,1.159813021415956655e+03,3.064724753207808021e+02,7.730000000000000000e+02,9.730000000000000000e+02
1.276500000000000000e+04,1.159813021415956655e+03,3.064724753207808021e+02,1.159813021415956655e+03,3.064724753207808021e+02,7.730000000000000000e+02,9.730000000000000000e+02
1.277000000000000000e+04,1.165469875665449308e+03,3.022298346336616532e+02,1.165469875665449308e+03,3.022298346336616532e+02,7.730000000000000000e+02,9.730000000000000000e+02
1.277500000000000000e+04,1.170419623133755067e+03,2.972800871653558374e+02,1.170419623133755067e+03,2.972800871653558374e+02,7.730000000000000000e+02,9.730000000000000000e+02
1.278000000000000000e+04,1.170419623133755067e+03,2.972800871653558374e+02,1.170419623133755067e+03,2.972800871653558374e+02,7.730000000000000000e+02,9.730000000000000000e+02
1.278600000000000000e+04,1.178197797726807039e+03,2.923303396970499080e+02,1.178197797726807039e+03,2.923303396970499080e+02,7.730000000000000000e+02,9.730000000000000000e+02
1.279000000000000000e+04,1.178197797726807039e+03,2.923303396970499080e+02,1.178197797726807039e+03,2.923303396970499080e+02,7.730000000000000000e+02,9.730000000000000000e+02
1.279500000000000000e+04,1.183147545195113025e+03,2.873805922287442627e+02,1.183147545195113025e+03,2.873805922287442627e+02,7.730000000000000000e+02,9.730000000000000000e+02
1.280100000000000000e+04,1.190218613006978558e+03,2.845521651039978792e+02,1.190218613006978558e+03,2.845521651039978792e+02,7.730000000000000000e+02,9.730000000000000000e+02
1.280500000000000000e+04,1.190218613006978558e+03,2.845521651039978792e+02,1.190218613006978558e+03,2.845521651039978792e+02,7.730000000000000000e+02,9.730000000000000000e+02
1.281000000000000000e+04,1.195168360475284089e+03,2.810166311980651699e+02,1.195168360475284089e+03,2.810166311980651699e+02,7.730000000000000000e+02,9.730000000000000000e+02
1.281500000000000000e+04,1.199411001162403636e+03,2.767739905109457368e+02,1.199411001162403636e+03,2.767739905109457368e+02,7.730000000000000000e+02,9.730000000000000000e+02
1.282000000000000000e+04,1.199411001162403636e+03,2.767739905109457368e+02,1.199411001162403636e+03,2.767739905109457368e+02,7.730000000000000000e+02,9.730000000000000000e+02
1.282500000000000000e+04,1.202239428287149622e+03,2.739455633861999218e+02,1.202239428287149622e+03,2.739455633861999218e+02,7.730000000000000000e+02,9.730000000000000000e+02
1.283000000000000000e+04,1.202239428287149622e+03,2.739455633861999218e+02,1.202239428287149622e+03,2.739455633861999218e+02,7.730000000000000000e+02,9.730000000000000000e+02
1.283500000000000000e+04,1.205774962193082501e+03,2.704100294802669850e+02,1.205774962193082501e+03,2.704100294802669850e+02,7.730000000000000000e+02,9.730000000000000000e+02
1.284100000000000000e+04,1.208603389317828487e+03,2.675816023555207153e+02,1.208603389317828487e+03,2.675816023555207153e+02,7.730000000000000000e+02,9.730000000000000000e+02
1.284600000000000000e+04,1.208603389317828487e+03,2.675816023555207153e+02,1.208603389317828487e+03,2.675816023555207153e+02,7.730000000000000000e+02,9.730000000000000000e+02
1.285000000000000000e+04,1.211431816442574927e+03,2.647531752307745592e+02,1.211431816442574927e+03,2.647531752307745592e+02,7.730000000000000000e+02,9.730000000000000000e+02
1.285500000000000000e+04,1.213553136786134701e+03,2.626318548872150132e+02,1.213553136786134701e+03,2.626318548872150132e+02,7.730000000000000000e+02,9.730000000000000000e+02
1.286000000000000000e+04,1.213553136786134701e+03,2.626318548872150132e+02,1.213553136786134701e+03,2.626318548872150132e+02,7.730000000000000000e+02,9.730000000000000000e+02
1.286500000000000000e+04,1.215674457129694019e+03,2.605105345436554103e+02,1.215674457129694019e+03,2.605105345436554103e+02,7.730000000000000000e+02,9.730000000000000000e+02
1.287000000000000000e+04,1.215674457129694019e+03,2.605105345436554103e+02,1.215674457129694019e+03,2.605105345436554103e+02,7.730000000000000000e+02,9.730000000000000000e+02
1.287600000000000000e+04,1.217795777473253793e+03,2.583892142000955801e+02,1.217795777473253793e+03,2.583892142000955801e+02,7.730000000000000000e+02,9.730000000000000000e+02
1.288100000000000000e+04,1.221331311379186445e+03,2.548536802941627002e+02,1.221331311379186445e+03,2.548536802941627002e+02,7.730000000000000000e+02,9.730000000000000000e+02
1.288600000000000000e+04,1.221331311379186445e+03,2.548536802941627002e+02,1.221331311379186445e+03,2.548536802941627002e+02,7.730000000000000000e+02,9.730000000000000000e+02
1.289100000000000000e+04,1.223452631722746219e+03,2.527323599506033247e+02,1.223452631722746219e+03,2.527323599506033247e+02,7.730000000000000000e+02,9.730000000000000000e+02
1.289700000000000000e+04,1.224866845285119325e+03,2.513181463882302751e+02,1.224866845285119325e+03,2.513181463882302751e+02,7.730000000000000000e+02,9.730000000000000000e+02
1.290100000000000000e+04,1.224866845285119325e+03,2.513181463882302751e+02,1.224866845285119325e+03,2.513181463882302751e+02,7.730000000000000000e+02,9.730000000000000000e+02
1.290600000000000000e+04,1.226988165628678871e+03,2.491968260446707291e+02,1.226988165628678871e+03,2.491968260446707291e+02,7.730000000000000000e+02,9.730000000000000000e+02
1.291100000000000000e+04,1.227695272409865311e+03,2.484897192634839485e+02,1.227695272409865311e+03,2.484897192634839485e+02,7.730000000000000000e+02,9.730000000000000000e+02
1.291600000000000000e+04,1.227695272409865311e+03,2.484897192634839485e+02,1.227695272409865311e+03,2.484897192634839485e+02,7.730000000000000000e+02,9.730000000000000000e+02
1.292100000000000000e+04,1.229109485972238417e+03,2.470755057011110125e+02,1.229109485972238417e+03,2.470755057011110125e+02,7.730000000000000000e+02,9.730000000000000000e+02
1.292600000000000000e+04,1.229109485972238417e+03,2.470755057011110125e+02,1.229109485972238417e+03,2.470755057011110125e+02,7.730000000000000000e+02,9.730000000000000000e+02
1.293200000000000000e+04,1.230523699534611524e+03,2.456612921387377924e+02,1.230523699534611524e+03,2.456612921387377924e+02,7.730000000000000000e+02,9.730000000000000000e+02
1.293600000000000000e+04,1.231230806315798191e+03,2.449541853575512391e+02,1.231230806315798191e+03,2.449541853575512391e+02,7.730000000000000000e+02,9.730000000000000000e+02
1.294100000000000000e+04,1.231230806315798191e+03,2.449541853575512391e+02,1.231230806315798191e+03,2.449541853575512391e+02,7.730000000000000000e+02,9.730000000000000000e+02
1.294600000000000000e+04,1.231230806315798191e+03,2.449541853575512391e+02,1.231230806315798191e+03,2.449541853575512391e+02,7.730000000000000000e+02,9.730000000000000000e+02
1.295100000000000000e+04,1.231230806315798191e+03,2.449541853575512391e+02,1.231230806315798191e+03,2.449541853575512391e+02,7.730000000000000000e+02,9.730000000000000000e+02
1.295600000000000000e+04,1.231230806315798191e+03,2.449541853575512391e+02,1.231230806315798191e+03,2.449541853575512391e+02,7.730000000000000000e+02,9.730000000000000000e+02
1.296100000000000000e+04,1.231937913096984630e+03,2.442470785763649133e+02,1.231937913096984630e+03,2.442470785763649133e+02,7.730000000000000000e+02,9.730000000000000000e+02
1.296600000000000000e+04,1.231937913096984630e+03,2.442470785763649133e+02,1.231937913096984630e+03,2.442470785763649133e+02,7.730000000000000000e+02,9.730000000000000000e+02
1.297200000000000000e+04,1.231937913096984630e+03,2.442470785763649133e+02,1.231937913096984630e+03,2.442470785763649133e+02,7.730000000000000000e+02,9.730000000000000000e+02
1.297700000000000000e+04,1.232645019878171297e+03,2.435399717951781895e+02,1.232645019878171297e+03,2.435399717951781895e+02,7.730000000000000000e+02,9.730000000000000000e+02
1.298200000000000000e+04,1.232645019878171297e+03,2.435399717951781895e+02,1.232645019878171297e+03,2.435399717951781895e+02,7.730000000000000000e+02,9.730000000000000000e+02
1.298700000000000000e+04,1.234059233440544403e+03,2.421257582328049693e+02,1.234059233440544403e+03,2.421257582328049693e+02,7.730000000000000000e+02,9.730000000000000000e+02
1.299300000000000000e+04,1.234766340221731070e+03,2.414186514516186435e+02,1.234766340221731070e+03,2.414186514516186435e+02,7.730000000000000000e+02,9.730000000000000000e+02
1.299800000000000000e+04,1.234766340221731070e+03,2.414186514516186435e+02,1.234766340221731070e+03,2.414186514516186435e+02,7.730000000000000000e+02,9.730000000000000000e+02
1.300300000000000000e+04,1.235473447002917283e+03,2.407115446704316923e+02,1.235473447002917283e+03,2.407115446704316923e+02,7.730000000000000000e+02,9.730000000000000000e+02
1.300700000000000000e+04,1.236180553784103722e+03,2.400044378892454233e+02,1.236180553784103722e+03,2.400044378892454233e+02,7.730000000000000000e+02,9.730000000000000000e+02
1.301200000000000000e+04,1.236180553784103722e+03,2.400044378892454233e+02,1.236180553784103722e+03,2.400044378892454233e+02,7.730000000000000000e+02,9.730000000000000000e+02
1.301700000000000000e+04,1.237594767346477056e+03,2.385902243268725442e+02,1.237594767346477056e+03,2.385902243268725442e+02,7.730000000000000000e+02,9.730000000000000000e+02
1.302200000000000000e+04,1.238301874127663496e+03,2.378831175456858773e+02,1.238301874127663496e+03,2.378831175456858773e+02,7.730000000000000000e+02,9.730000000000000000e+02
1.302700000000000000e+04,1.238301874127663496e+03,2.378831175456858773e+02,1.238301874127663496e+03,2.378831175456858773e+02,7.730000000000000000e+02,9.730000000000000000e+02
1.303200000000000000e+04,1.238301874127663496e+03,2.378831175456858773e+02,1.238301874127663496e+03,2.378831175456858773e+02,7.730000000000000000e+02,9.730000000000000000e+02
1.303800000000000000e+04,1.238301874127663496e+03,2.378831175456858773e+02,1.238301874127663496e+03,2.378831175456858773e+02,7.730000000000000000e+02,9.730000000000000000e+02
1.304200000000000000e+04,1.238301874127663496e+03,2.378831175456858773e+02,1.238301874127663496e+03,2.378831175456858773e+02,7.730000000000000000e+02,9.730000000000000000e+02
1.304800000000000000e+04,1.238301874127663496e+03,2.378831175456858773e+02,1.238301874127663496e+03,2.378831175456858773e+02,7.730000000000000000e+02,9.730000000000000000e+02
1.305300000000000000e+04,1.238301874127663496e+03,2.378831175456858773e+02,1.238301874127663496e+03,2.378831175456858773e+02,7.730000000000000000e+02,9.730000000000000000e+02
1.305800000000000000e+04,1.238301874127663496e+03,2.378831175456858773e+02,1.238301874127663496e+03,2.378831175456858773e+02,7.730000000000000000e+02,9.730000000000000000e+02
1.306400000000000000e+04,1.239008980908850162e+03,2.371760107644993809e+02,1.239008980908850162e+03,2.371760107644993809e+02,7.730000000000000000e+02,9.730000000000000000e+02
1.306800000000000000e+04,1.239008980908850162e+03,2.371760107644993809e+02,1.239008980908850162e+03,2.371760107644993809e+02,7.730000000000000000e+02,9.730000000000000000e+02
1.307300000000000000e+04,1.239008980908850162e+03,2.371760107644993809e+02,1.239008980908850162e+03,2.371760107644993809e+02,7.730000000000000000e+02,9.730000000000000000e+02
1.307800000000000000e+04,1.239008980908850162e+03,2.371760107644993809e+02,1.239008980908850162e+03,2.371760107644993809e+02,7.730000000000000000e+02,9.730000000000000000e+02
1.308300000000000000e+04,1.239008980908850162e+03,2.371760107644993809e+02,1.239008980908850162e+03,2.371760107644993809e+02,7.730000000000000000e+02,9.730000000000000000e+02
1.308900000000000000e+04,1.239008980908850162e+03,2.371760107644993809e+02,1.239008980908850162e+03,2.371760107644993809e+02,7.730000000000000000e+02,9.730000000000000000e+02
1.309300000000000000e+04,1.239008980908850162e+03,2.371760107644993809e+02,1.239008980908850162e+03,2.371760107644993809e+02,7.730000000000000000e+02,9.730000000000000000e+02
1.309800000000000000e+04,1.239008980908850162e+03,2.371760107644993809e+02,1.239008980908850162e+03,2.371760107644993809e+02,7.730000000000000000e+02,9.730000000000000000e+02
1.310300000000000000e+04,1.239008980908850162e+03,2.371760107644993809e+02,1.239008980908850162e+03,2.371760107644993809e+02,7.730000000000000000e+02,9.730000000000000000e+02
1.310900000000000000e+04,1.239008980908850162e+03,2.371760107644993809e+02,1.239008980908850162e+03,2.371760107644993809e+02,7.730000000000000000e+02,9.730000000000000000e+02
1.311300000000000000e+04,1.239008980908850162e+03,2.371760107644993809e+02,1.239008980908850162e+03,2.371760107644993809e+02,7.730000000000000000e+02,9.730000000000000000e+02
1.311900000000000000e+04,1.239008980908850162e+03,2.371760107644993809e+02,1.239008980908850162e+03,2.371760107644993809e+02,7.730000000000000000e+02,9.730000000000000000e+02
1.312300000000000000e+04,1.239008980908850162e+03,2.371760107644993809e+02,1.239008980908850162e+03,2.371760107644993809e+02,7.730000000000000000e+02,9.730000000000000000e+02
1.312900000000000000e+04,1.240423194471223269e+03,2.357617972021260471e+02,1.240423194471223269e+03,2.357617972021260471e+02,7.730000000000000000e+02,9.730000000000000000e+02
1.313400000000000000e+04,1.240423194471223269e+03,2.357617972021260471e+02,1.240423194471223269e+03,2.357617972021260471e+02,7.730000000000000000e+02,9.730000000000000000e+02
1.313900000000000000e+04,1.241130301252409708e+03,2.350546904209397781e+02,1.241130301252409708e+03,2.350546904209397781e+02,7.730000000000000000e+02,9.730000000000000000e+02
1.314400000000000000e+04,1.241837408033596148e+03,2.343475836397531111e+02,1.241837408033596148e+03,2.343475836397531111e+02,7.730000000000000000e+02,9.730000000000000000e+02
1.314900000000000000e+04,1.241837408033596148e+03,2.343475836397531111e+02,1.241837408033596148e+03,2.343475836397531111e+02,7.730000000000000000e+02,9.730000000000000000e+02
1.315500000000000000e+04,1.242544514814782815e+03,2.336404768585663305e+02,1.242544514814782815e+03,2.336404768585663305e+02,7.730000000000000000e+02,9.730000000000000000e+02
1.316000000000000000e+04,1.243958728377156149e+03,2.322262632961933377e+02,1.243958728377156149e+03,2.322262632961933377e+02,7.730000000000000000e+02,9.730000000000000000e+02
1.316500000000000000e+04,1.243958728377156149e+03,2.322262632961933377e+02,1.243958728377156149e+03,2.322262632961933377e+02,7.730000000000000000e+02,9.730000000000000000e+02
